titles,category
 교과서 도입되면언제 어디서나 맞춤형 교육 가능 미래,Social
너도 빨리 사동료와 나란히 억 복권 당첨된 남성,Social
공수처 비상계엄 모의 문상호 전 정보사령관 체포,Social
검찰 건진법사 구속영장 청구불법 정치자금 수수 혐의,Social
인천 자재상가 화재 시간 만에 초진명 연기흡입,Social
회의록포고령 제출하라수령 않는 윤,Social
기억의 습작 남긴 전람회 멤버 서동욱 별세,Social
보좌관 성추행 혐의 박완주  의원 징역 년 법정 구속,Social
검찰 윤석열 내란 사건 공수처로 이첩,Social
검찰 창문 깨고 진입 특전사 특임단장 소환윗선 조사종합,Social
복지장관 의료개혁은 미룰 수 없는 시급한 과제착실히 추진,Social
부의금 만원이면 충분상업화된 장례문화 바뀌나,Social
건진법사 구속 기로대통령과 무슨 사이 질문에 묵묵부답,Social
이재명 선거법 사건 항소심 소송기록 수령심 본격 시작종합,Social
한심해 보여산후조리원 주 있겠다는 아내가 들은 말,Social
인천 금속가공 공장서 화재대 남성 숨진 채 발견,Social
건진법사 영장심사 출석 부부 관계 질문에 침묵,Social
윤통 최고 화끈한 차 계엄 부탁 교회에 걸린 현수막 전광훈 측근 등 고발당했다,Social
울산 현대미포 조선소서 년 만에 중대재해대 노동자 추락사,Social
표 가결 여의도에서만 만 명이 지켜봤다,Social
김영선 좀 해줘라 그날 검찰 명태균김건희 여사 통화 음성 확보,Social
정유라 임영웅 거론 김갑수에관심도 없다는 데 질척거려,Social
 명태균김 여사 통화 녹음 확보황금폰에 저장돼,Social
정치자금법 위반 건진법사 영장심사법사폰 대 분석 중,Social
검찰 명태균김건희 여사 통화 녹음 확보,Social
서울 강서구 살인사건만취 상태 대 남성 체포,Social
성탄절 앞둔 부모들 애탄다파산핑 품귀에 만원 웃돈,Social
가상자산 허수 매수주문으로 억 챙겼다대공범 구속,Social
집회는 즐겁게 구호는 절실하게콘서트장 만든 와 인터뷰,Social
펄펄 끓는 매운탕을 획대 여성 식당 난동 영상보니,Social
김용현 진술 거부하더니 또 옥중 입장문계엄 수행은 정당,Social
전쟁 중에도 꿀잠 분컷만명 본 미군 수면법 원리가 뭐길래,Social
쌍방울 그룹 대북 송금 이화영 오늘 항소심  선고,Social
예비군 훈련비 고작 하루 만원최저 시급은 맞춰줘라,Social
대통령 직무정지 해제 가처분 신청할까,Social
경찰 이기흥 체육회장 자택한진관광 압수수색,Social
객실 침입 투숙객 성폭행한 호텔 직원 항소심서 형량,Social
대통령 내란 혐의 사건 공수처 이첩에검찰 수사팀 반발,Social
법원 권태선 방문진 이사장 해임 취소해야,Social
김현태 특임단장 계엄 투입 대원 감금 의혹 사실 아냐,Social
경제부총리 역임 김동연 정부 역주행에 경제위기대반전 필요,Social
검찰 명태균 황금폰서 김여사 통화녹음 확보 취임식 하루 전날,Social
윤소식 국민의힘 대전 유성갑 당협위원장 사퇴,Social
한밤중 인천 공장서 불대 남성 숨져,Social
법원 권태선 방송문화진흥회 이사장 해임 처분 취소해야,Social
전세계  콘텐츠 본댔는데태권도 외치자 나온 장면 충격,Social
 밤사이 동해안 눈비내일 출근길 한파 기승날씨,Culture
중부 내륙 영하 도 강추위동해안 중심 많은 눈오늘날씨,Culture
서울랜드 눈썰매장 금주말 개장빙어낚시도 한다,Culture
올해 궁궐조선왕릉 만 명 방문만 명 더 찾은 배경 보니,Culture
상반기에 문화 예산  조기 투입,Culture
대형  더 뉴 아우디  출격,Culture
김연아수지 이어 성탄절  타임스스퀘어에 뜨는 배우,Culture
커피의 두 얼굴더 걷고 칼로리 소비 늘어나지만 안 좋은 점도 있어,Culture
약손 급증하는 자궁내막암 진단과 치료 자궁내막암을 감별할 수 있는 진단,Culture
날씨 전국 아침 영하권 추위낮부터 예년 기온 회복,Culture
현대차   충돌평가 가장 안전한 차 글로벌 최다 선정,Culture
년 전부터 남녀노소 가리지 않고 사랑받는 이스탄불 뷰 맛집,Culture
날씨 이틀째 아침 강추위낮 동안 맑고 예년의 겨울,Culture
늘어나는 젊은 대장암정기 검진으로 조기 발견하는 게 중요,Culture
통합 대한항공아시아나 항공 스케줄 재편 고객 편의 높인다,Culture
경기 파주 도 한파주말 눈비 후 다시 추위,Culture
자유발언 나선 부산 시민 윤석열이 내 연애도 방해,Culture
커피 좋아하는데 마시기만 하면 설사 로스팅 이런 것으로 고르면 해결,Culture
날씨 광주전남 올겨울 가장 추운 아침모레 눈비,Culture
날씨 매서운 아침 공기 중북부 한파특보낮부터 추위 주춤,Culture
출근길 체감온도 영하권강풍과 결빙 유의,Culture
제주 해안 지역에 올겨울 첫눈평년보다 일 늦어,Culture
전쟁 중에도 잘 잤다분 안에 잠드는 미군 수면법 뭐길래,Culture
성장호르몬 노년의 시간에 다시 생명을 불어넣는다,Culture
 아프리카와 유럽을 품은 아랍모로코  전통 간직한 내륙,Culture
빨리 다음거 사 복권 등 당첨에 다음 차례 양보해 억원씩 잭폿,Culture
아침 영하권 추위 절정종일 바람 강해,Culture
한파특보에 올겨울 가장 추운 날씨주말 서울 등 눈비,Culture
구글맵 자전거 경로로 자전거 타면 빙돌아간다 지중해 자전거 여행기,Culture
날씨 남부도 강추위추위 전망,Culture
맨발걷기는 행복입니다겨울 바다 누비는 해피 바이러스 맨발에 산다 ,Culture
전쟁 중에도 통했다 눈감으면 분 안에 잠든다는  육군 수면법,Culture
날씨 오늘도 출근길 강추위낮부터 추위 누그러져,Culture
날씨 서울 체감  강추위낮 동안 맑고 예년의 겨울,Culture
영양 풍부한  트렌드 푸드 세 가지 뭘까,Culture
올 겨울 중 가장 춥다가 낮부터 기온주말에 눈비,Culture
벤츠 아닌데 너무 오버 그래서 더 좋아건방진데 착한 하극상 카슐랭,Culture
한 잔에 원도 안해출근길 매일 사들고 가더니 이제 직접 물에 탈탈,Culture
오늘날씨 꽁꽁 싸매고 나서야중부지방 중심으로 아침 최저 도,Culture
날씨클릭 오늘도 한파 이어져낮부터 평년 기온 회복해,Culture
주행거리 보니 놀랍다요즘 전기차 오너들 속앓이 이유,Culture
출근길  날씨  이틀째 강추위 현재 서울 체감 동해안 대기 건조,Culture
방 청소 안 한다고어지러운 방 안 실제 건강에 해로운 이유,Culture
